id;nome;cep;logradouro;bairro;numero;cidade;complemento
1;customized Filmes Strategist;Forward Unidos;Peixe e-markets;back-end Forward;Eletrônicos;Avenida Integration;ouro bandwidth-monitored
2;Buckinghamshire Ceará;Rústico quantifying;motivating Benin cross-platform;repurpose circuit;Bacon prata Borracha;Benin Boliviano Mato;Inteligente wireless petróleo
3;Quetzal amarelo;motivating Vatu copy;Money backing Pequeno;interactive Rodovia Centralized;Facilitator;Account;Agent RSS Buckinghamshire
4;mobile discrete transform;Marginal Travessa coral;disintermediate;Alameda proactive;Creative Buckinghamshire Avenida;Rústico Savings Malásia;Madeira
5;Secured Avon cinza;de;monitoring;program;Configurable Fresco;Technician scale bypassing;Chapéu JSON
6;Fresco Account;Internal;Mobility Bebê;Versatile interface SSL;Refinado Profound;deposit;solutions Marginal
7;Mobility Sabonete Rua;reboot Buckinghamshire Human;Mouse parsing Berkshire;online FTP platforms;Beleza;laranja Buckinghamshire program;Savings
8;Ergonômico;payment;contingency;bypassing compressing;RSS Polarised;attitude Loan;24/7 Analyst solid
9;web-enabled Camiseta;calculating;withdrawal e-business system;Usability Borders;Fantástico;Reduced;Travessa Analyst
10;Toalhas copy;Planner matrix;Algodão;Bulgária Dollar;1080p Nepal Creative;Travessa;Saúde à Mato
